{"items":[{"idName":"EunicellaCavolini","position":{"x":275.856,"y":-1.565601,"z":171.7392},"rotation":{"x":0,"y":0.468172,"z":0,"w":-0.8836374},"scale":{"x":1.698896,"y":1.698896,"z":1.698896}},{"idName":"PocilloporaVerrucosa","position":{"x":277.2926,"y":-2.020825,"z":171.6857},"rotation":{"x":0.08688491,"y":0.7131031,"z":-0.0898159,"w":0.6898319},"scale":{"x":1.229505,"y":1.229506,"z":1.229505}},{"idName":"DiploriaStrigosa","position":{"x":277.1956,"y":-1.163439,"z":174.8995},"rotation":{"x":0.119348,"y":0.8748413,"z":-0.2737554,"w":0.3814011},"scale":{"x":1.269526,"y":1.269526,"z":1.269527}},{"idName":"PoritesProfundus","position":{"x":277.4544,"y":-1.487096,"z":174.2699},"rotation":{"x":0,"y":0.3565082,"z":0,"w":-0.9342922},"scale":{"x":1.670138,"y":1.670138,"z":1.670138}}]}
