{"items":[{"idName":"PoritesNodifera","position":{"x":76.87769,"y":-0.9253252,"z":476.1117},"rotation":{"x":0.1699445,"y":0.7994514,"z":-0.265746,"w":0.5112491},"scale":{"x":2.685626,"y":2.685624,"z":2.685626}},{"idName":"PocilloporaVerrucosa","position":{"x":75.75731,"y":-0.7171005,"z":476.503},"rotation":{"x":0.2737598,"y":-0.1745099,"z":0.0505821,"w":0.9444805},"scale":{"x":1.055286,"y":1.055286,"z":1.055286}},{"idName":"HelioporaCoerulea","position":{"x":75.18745,"y":-1.104268,"z":476.9399},"rotation":{"x":0,"y":0.8941877,"z":0,"w":-0.4476922},"scale":{"x":1.685804,"y":1.685804,"z":1.685804}}]}
