{"items":[{"idName":"AcroporaCervicornis","position":{"x":122.8164,"y":-1.458394,"z":472.6278},"rotation":{"x":0,"y":0.1234331,"z":0,"w":0.9923529},"scale":{"x":1.644932,"y":1.644933,"z":1.644932}},{"idName":"AcalycigorgiaInermis","position":{"x":124.8537,"y":-1.123154,"z":473.2765},"rotation":{"x":0,"y":0.7876232,"z":0,"w":0.6161572},"scale":{"x":0.6866485,"y":0.6866485,"z":0.6866485}},{"idName":"AcroporaCaroliniana","position":{"x":123.8015,"y":-0.8139182,"z":474.6725},"rotation":{"x":0.2286828,"y":-0.6278555,"z":0.2003962,"w":0.7164797},"scale":{"x":2.446425,"y":2.446426,"z":2.446426}}]}
